lead_id,reason,demo_url_lineage,disposition
0000,Fukuoka spiritual/energy/healing/hypno (already analyzed; Fukuoka worklog 260223),https://kimotostudio12.netlify.app/0000,DO_NOT_RETARGET (spiritual-first = Exclude per Yu decision 1; already demoed)
0001,Fukuoka spiritual/energy/healing/hypno (already analyzed; Fukuoka worklog 260223),https://kimotostudio12.netlify.app/0001,DO_NOT_RETARGET (spiritual-first = Exclude per Yu decision 1; already demoed)
0002,Fukuoka spiritual/energy/healing/hypno (already analyzed; Fukuoka worklog 260223),https://kimotostudio12.netlify.app/0002,DO_NOT_RETARGET (spiritual-first = Exclude per Yu decision 1; already demoed)
0003,Fukuoka spiritual/energy/healing/hypno (already analyzed; Fukuoka worklog 260223),https://kimotostudio12.netlify.app/0003,DO_NOT_RETARGET (spiritual-first = Exclude per Yu decision 1; already demoed)
0004,Fukuoka spiritual/energy/healing/hypno (already analyzed; Fukuoka worklog 260223),https://kimotostudio12.netlify.app/0004,DO_NOT_RETARGET (spiritual-first = Exclude per Yu decision 1; already demoed)
0005,Fukuoka spiritual/energy/healing/hypno (already analyzed; Fukuoka worklog 260223),https://kimotostudio12.netlify.app/0005,DO_NOT_RETARGET (spiritual-first = Exclude per Yu decision 1; already demoed)
0006,Fukuoka spiritual/energy/healing/hypno (already analyzed; Fukuoka worklog 260223),https://kimotostudio12.netlify.app/0006,DO_NOT_RETARGET (spiritual-first = Exclude per Yu decision 1; already demoed)
0007,Fukuoka spiritual/energy/healing/hypno (already analyzed; Fukuoka worklog 260223),https://kimotostudio12.netlify.app/0007,DO_NOT_RETARGET (spiritual-first = Exclude per Yu decision 1; already demoed)
0008,Fukuoka spiritual/energy/healing/hypno (already analyzed; Fukuoka worklog 260223),https://kimotostudio12.netlify.app/0008,DO_NOT_RETARGET (spiritual-first = Exclude per Yu decision 1; already demoed)
0009,Fukuoka spiritual/energy/healing/hypno (already analyzed; Fukuoka worklog 260223),https://kimotostudio12.netlify.app/0009,DO_NOT_RETARGET (spiritual-first = Exclude per Yu decision 1; already demoed)
0010,Fukuoka spiritual/energy/healing/hypno (already analyzed; Fukuoka worklog 260223),https://kimotostudio12.netlify.app/0010,DO_NOT_RETARGET (spiritual-first = Exclude per Yu decision 1; already demoed)
0011,Fukuoka spiritual/energy/healing/hypno (already analyzed; Fukuoka worklog 260223),https://kimotostudio12.netlify.app/0011,DO_NOT_RETARGET (spiritual-first = Exclude per Yu decision 1; already demoed)
0012,Fukuoka spiritual/energy/healing/hypno (already analyzed; Fukuoka worklog 260223),https://kimotostudio12.netlify.app/0012,DO_NOT_RETARGET (spiritual-first = Exclude per Yu decision 1; already demoed)
0013,Fukuoka spiritual/energy/healing/hypno (already analyzed; Fukuoka worklog 260223),https://kimotostudio12.netlify.app/0013,DO_NOT_RETARGET (spiritual-first = Exclude per Yu decision 1; already demoed)
0014,Fukuoka spiritual/energy/healing/hypno (already analyzed; Fukuoka worklog 260223),https://kimotostudio12.netlify.app/0014,DO_NOT_RETARGET (spiritual-first = Exclude per Yu decision 1; already demoed)
0015,Fukuoka spiritual/energy/healing/hypno (already analyzed; Fukuoka worklog 260223),https://kimotostudio12.netlify.app/0015,DO_NOT_RETARGET (spiritual-first = Exclude per Yu decision 1; already demoed)
0016,Fukuoka spiritual/energy/healing/hypno (already analyzed; Fukuoka worklog 260223),https://kimotostudio12.netlify.app/0016,DO_NOT_RETARGET (spiritual-first = Exclude per Yu decision 1; already demoed)
0017,Fukuoka spiritual/energy/healing/hypno (already analyzed; Fukuoka worklog 260223),https://kimotostudio12.netlify.app/0017,DO_NOT_RETARGET (spiritual-first = Exclude per Yu decision 1; already demoed)
0018,Fukuoka spiritual/energy/healing/hypno (already analyzed; Fukuoka worklog 260223),https://kimotostudio12.netlify.app/0018,DO_NOT_RETARGET (spiritual-first = Exclude per Yu decision 1; already demoed)
0019,Fukuoka spiritual/energy/healing/hypno (already analyzed; Fukuoka worklog 260223),https://kimotostudio12.netlify.app/0019,DO_NOT_RETARGET (spiritual-first = Exclude per Yu decision 1; already demoed)
0020,Fukuoka spiritual/energy/healing/hypno (already analyzed; Fukuoka worklog 260223),https://kimotostudio12.netlify.app/0020,DO_NOT_RETARGET (spiritual-first = Exclude per Yu decision 1; already demoed)
0021,Fukuoka spiritual/energy/healing/hypno (already analyzed; Fukuoka worklog 260223),https://kimotostudio12.netlify.app/0021,DO_NOT_RETARGET (spiritual-first = Exclude per Yu decision 1; already demoed)
0022,Fukuoka spiritual/energy/healing/hypno (already analyzed; Fukuoka worklog 260223),https://kimotostudio12.netlify.app/0022,DO_NOT_RETARGET (spiritual-first = Exclude per Yu decision 1; already demoed)
0023,Fukuoka spiritual/energy/healing/hypno (already analyzed; Fukuoka worklog 260223),https://kimotostudio12.netlify.app/0023,DO_NOT_RETARGET (spiritual-first = Exclude per Yu decision 1; already demoed)
0024,Fukuoka spiritual/energy/healing/hypno (already analyzed; Fukuoka worklog 260223),https://kimotostudio12.netlify.app/0024,DO_NOT_RETARGET (spiritual-first = Exclude per Yu decision 1; already demoed)
0025,Fukuoka spiritual/energy/healing/hypno (already analyzed; Fukuoka worklog 260223),https://kimotostudio12.netlify.app/0025,DO_NOT_RETARGET (spiritual-first = Exclude per Yu decision 1; already demoed)
0026,Fukuoka spiritual/energy/healing/hypno (already analyzed; Fukuoka worklog 260223),https://kimotostudio12.netlify.app/0026,DO_NOT_RETARGET (spiritual-first = Exclude per Yu decision 1; already demoed)
0027,Fukuoka spiritual/energy/healing/hypno (already analyzed; Fukuoka worklog 260223),https://kimotostudio12.netlify.app/0027,DO_NOT_RETARGET (spiritual-first = Exclude per Yu decision 1; already demoed)
0028,Fukuoka spiritual/energy/healing/hypno (already analyzed; Fukuoka worklog 260223),https://kimotostudio12.netlify.app/0028,DO_NOT_RETARGET (spiritual-first = Exclude per Yu decision 1; already demoed)
0029,Fukuoka spiritual/energy/healing/hypno (already analyzed; Fukuoka worklog 260223),https://kimotostudio12.netlify.app/0029,DO_NOT_RETARGET (spiritual-first = Exclude per Yu decision 1; already demoed)
0030,Fukuoka spiritual/energy/healing/hypno (already analyzed; Fukuoka worklog 260223),https://kimotostudio12.netlify.app/0030,DO_NOT_RETARGET (spiritual-first = Exclude per Yu decision 1; already demoed)
0031,Fukuoka spiritual/energy/healing/hypno (already analyzed; Fukuoka worklog 260223),https://kimotostudio12.netlify.app/0031,DO_NOT_RETARGET (spiritual-first = Exclude per Yu decision 1; already demoed)
0032,Fukuoka spiritual/energy/healing/hypno (already analyzed; Fukuoka worklog 260223),https://kimotostudio12.netlify.app/0032,DO_NOT_RETARGET (spiritual-first = Exclude per Yu decision 1; already demoed)
0033,Fukuoka spiritual/energy/healing/hypno (already analyzed; Fukuoka worklog 260223),https://kimotostudio12.netlify.app/0033,DO_NOT_RETARGET (spiritual-first = Exclude per Yu decision 1; already demoed)
0034,Fukuoka spiritual/energy/healing/hypno (already analyzed; Fukuoka worklog 260223),https://kimotostudio12.netlify.app/0034,DO_NOT_RETARGET (spiritual-first = Exclude per Yu decision 1; already demoed)
0035,Fukuoka spiritual/energy/healing/hypno (already analyzed; Fukuoka worklog 260223),https://kimotostudio12.netlify.app/0035,DO_NOT_RETARGET (spiritual-first = Exclude per Yu decision 1; already demoed)
0036,Fukuoka spiritual/energy/healing/hypno (already analyzed; Fukuoka worklog 260223),https://kimotostudio12.netlify.app/0036,DO_NOT_RETARGET (spiritual-first = Exclude per Yu decision 1; already demoed)
0037,Fukuoka spiritual/energy/healing/hypno (already analyzed; Fukuoka worklog 260223),https://kimotostudio12.netlify.app/0037,DO_NOT_RETARGET (spiritual-first = Exclude per Yu decision 1; already demoed)
0038,Fukuoka spiritual/energy/healing/hypno (already analyzed; Fukuoka worklog 260223),https://kimotostudio12.netlify.app/0038,DO_NOT_RETARGET (spiritual-first = Exclude per Yu decision 1; already demoed)
0039,Fukuoka spiritual/energy/healing/hypno (already analyzed; Fukuoka worklog 260223),https://kimotostudio12.netlify.app/0039,DO_NOT_RETARGET (spiritual-first = Exclude per Yu decision 1; already demoed)
0040,Fukuoka spiritual/energy/healing/hypno (already analyzed; Fukuoka worklog 260223),https://kimotostudio12.netlify.app/0040,DO_NOT_RETARGET (spiritual-first = Exclude per Yu decision 1; already demoed)
0041,Fukuoka spiritual/energy/healing/hypno (already analyzed; Fukuoka worklog 260223),https://kimotostudio12.netlify.app/0041,DO_NOT_RETARGET (spiritual-first = Exclude per Yu decision 1; already demoed)
0042,Fukuoka spiritual/energy/healing/hypno (already analyzed; Fukuoka worklog 260223),https://kimotostudio12.netlify.app/0042,DO_NOT_RETARGET (spiritual-first = Exclude per Yu decision 1; already demoed)
0043,Fukuoka spiritual/energy/healing/hypno (already analyzed; Fukuoka worklog 260223),https://kimotostudio12.netlify.app/0043,DO_NOT_RETARGET (spiritual-first = Exclude per Yu decision 1; already demoed)
0044,Fukuoka spiritual/energy/healing/hypno (already analyzed; Fukuoka worklog 260223),https://kimotostudio12.netlify.app/0044,DO_NOT_RETARGET (spiritual-first = Exclude per Yu decision 1; already demoed)
0045,Fukuoka spiritual/energy/healing/hypno (already analyzed; Fukuoka worklog 260223),https://kimotostudio12.netlify.app/0045,DO_NOT_RETARGET (spiritual-first = Exclude per Yu decision 1; already demoed)
0046,Fukuoka spiritual/energy/healing/hypno (already analyzed; Fukuoka worklog 260223),https://kimotostudio12.netlify.app/0046,DO_NOT_RETARGET (spiritual-first = Exclude per Yu decision 1; already demoed)
0047,Fukuoka spiritual/energy/healing/hypno (already analyzed; Fukuoka worklog 260223),https://kimotostudio12.netlify.app/0047,DO_NOT_RETARGET (spiritual-first = Exclude per Yu decision 1; already demoed)
0048,Fukuoka spiritual/energy/healing/hypno (already analyzed; Fukuoka worklog 260223),https://kimotostudio12.netlify.app/0048,DO_NOT_RETARGET (spiritual-first = Exclude per Yu decision 1; already demoed)
0049,Fukuoka spiritual/energy/healing/hypno (already analyzed; Fukuoka worklog 260223),https://kimotostudio12.netlify.app/0049,DO_NOT_RETARGET (spiritual-first = Exclude per Yu decision 1; already demoed)
0050,Fukuoka spiritual/energy/healing/hypno (already analyzed; Fukuoka worklog 260223),https://kimotostudio12.netlify.app/0050,DO_NOT_RETARGET (spiritual-first = Exclude per Yu decision 1; already demoed)
0051,Fukuoka spiritual/energy/healing/hypno (already analyzed; Fukuoka worklog 260223),https://kimotostudio12.netlify.app/0051,DO_NOT_RETARGET (spiritual-first = Exclude per Yu decision 1; already demoed)
0052,Fukuoka spiritual/energy/healing/hypno (already analyzed; Fukuoka worklog 260223),https://kimotostudio12.netlify.app/0052,DO_NOT_RETARGET (spiritual-first = Exclude per Yu decision 1; already demoed)
0053,Fukuoka spiritual/energy/healing/hypno (already analyzed; Fukuoka worklog 260223),https://kimotostudio12.netlify.app/0053,DO_NOT_RETARGET (spiritual-first = Exclude per Yu decision 1; already demoed)
0054,Fukuoka spiritual/energy/healing/hypno (already analyzed; Fukuoka worklog 260223),https://kimotostudio12.netlify.app/0054,DO_NOT_RETARGET (spiritual-first = Exclude per Yu decision 1; already demoed)
0055,Fukuoka spiritual/energy/healing/hypno (already analyzed; Fukuoka worklog 260223),https://kimotostudio12.netlify.app/0055,DO_NOT_RETARGET (spiritual-first = Exclude per Yu decision 1; already demoed)
0056,Fukuoka spiritual/energy/healing/hypno (already analyzed; Fukuoka worklog 260223),https://kimotostudio12.netlify.app/0056,DO_NOT_RETARGET (spiritual-first = Exclude per Yu decision 1; already demoed)
0057,Fukuoka spiritual/energy/healing/hypno (already analyzed; Fukuoka worklog 260223),https://kimotostudio12.netlify.app/0057,DO_NOT_RETARGET (spiritual-first = Exclude per Yu decision 1; already demoed)
0058,Fukuoka spiritual/energy/healing/hypno (already analyzed; Fukuoka worklog 260223),https://kimotostudio12.netlify.app/0058,DO_NOT_RETARGET (spiritual-first = Exclude per Yu decision 1; already demoed)
0059,Fukuoka spiritual/energy/healing/hypno (already analyzed; Fukuoka worklog 260223),https://kimotostudio12.netlify.app/0059,DO_NOT_RETARGET (spiritual-first = Exclude per Yu decision 1; already demoed)
0060,Fukuoka spiritual/energy/healing/hypno (already analyzed; Fukuoka worklog 260223),https://kimotostudio12.netlify.app/0060,DO_NOT_RETARGET (spiritual-first = Exclude per Yu decision 1; already demoed)
0061,Fukuoka spiritual/energy/healing/hypno (already analyzed; Fukuoka worklog 260223),https://kimotostudio12.netlify.app/0061,DO_NOT_RETARGET (spiritual-first = Exclude per Yu decision 1; already demoed)
0062,Fukuoka spiritual/energy/healing/hypno (already analyzed; Fukuoka worklog 260223),https://kimotostudio12.netlify.app/0062,DO_NOT_RETARGET (spiritual-first = Exclude per Yu decision 1; already demoed)
0063,Fukuoka spiritual/energy/healing/hypno (already analyzed; Fukuoka worklog 260223),https://kimotostudio12.netlify.app/0063,DO_NOT_RETARGET (spiritual-first = Exclude per Yu decision 1; already demoed)
0064,Fukuoka spiritual/energy/healing/hypno (already analyzed; Fukuoka worklog 260223),https://kimotostudio12.netlify.app/0064,DO_NOT_RETARGET (spiritual-first = Exclude per Yu decision 1; already demoed)
0065,Fukuoka spiritual/energy/healing/hypno (already analyzed; Fukuoka worklog 260223),https://kimotostudio12.netlify.app/0065,DO_NOT_RETARGET (spiritual-first = Exclude per Yu decision 1; already demoed)
0066,Fukuoka spiritual/energy/healing/hypno (already analyzed; Fukuoka worklog 260223),https://kimotostudio12.netlify.app/0066,DO_NOT_RETARGET (spiritual-first = Exclude per Yu decision 1; already demoed)
0067,Fukuoka spiritual/energy/healing/hypno (already analyzed; Fukuoka worklog 260223),https://kimotostudio12.netlify.app/0067,DO_NOT_RETARGET (spiritual-first = Exclude per Yu decision 1; already demoed)
0068,Fukuoka spiritual/energy/healing/hypno (already analyzed; Fukuoka worklog 260223),https://kimotostudio12.netlify.app/0068,DO_NOT_RETARGET (spiritual-first = Exclude per Yu decision 1; already demoed)
0069,Fukuoka spiritual/energy/healing/hypno (already analyzed; Fukuoka worklog 260223),https://kimotostudio12.netlify.app/0069,DO_NOT_RETARGET (spiritual-first = Exclude per Yu decision 1; already demoed)
0070,Fukuoka spiritual/energy/healing/hypno (already analyzed; Fukuoka worklog 260223),https://kimotostudio12.netlify.app/0070,DO_NOT_RETARGET (spiritual-first = Exclude per Yu decision 1; already demoed)
0071,Fukuoka spiritual/energy/healing/hypno (already analyzed; Fukuoka worklog 260223),https://kimotostudio12.netlify.app/0071,DO_NOT_RETARGET (spiritual-first = Exclude per Yu decision 1; already demoed)
0072,Fukuoka spiritual/energy/healing/hypno (already analyzed; Fukuoka worklog 260223),https://kimotostudio12.netlify.app/0072,DO_NOT_RETARGET (spiritual-first = Exclude per Yu decision 1; already demoed)
0073,Fukuoka spiritual/energy/healing/hypno (already analyzed; Fukuoka worklog 260223),https://kimotostudio12.netlify.app/0073,DO_NOT_RETARGET (spiritual-first = Exclude per Yu decision 1; already demoed)
0074,Fukuoka spiritual/energy/healing/hypno (already analyzed; Fukuoka worklog 260223),https://kimotostudio12.netlify.app/0074,DO_NOT_RETARGET (spiritual-first = Exclude per Yu decision 1; already demoed)
0075,Fukuoka spiritual/energy/healing/hypno (already analyzed; Fukuoka worklog 260223),https://kimotostudio12.netlify.app/0075,DO_NOT_RETARGET (spiritual-first = Exclude per Yu decision 1; already demoed)
0076,Fukuoka spiritual/energy/healing/hypno (already analyzed; Fukuoka worklog 260223),https://kimotostudio12.netlify.app/0076,DO_NOT_RETARGET (spiritual-first = Exclude per Yu decision 1; already demoed)
0077,Fukuoka spiritual/energy/healing/hypno (already analyzed; Fukuoka worklog 260223),https://kimotostudio12.netlify.app/0077,DO_NOT_RETARGET (spiritual-first = Exclude per Yu decision 1; already demoed)
0078,Fukuoka spiritual/energy/healing/hypno (already analyzed; Fukuoka worklog 260223),https://kimotostudio12.netlify.app/0078,DO_NOT_RETARGET (spiritual-first = Exclude per Yu decision 1; already demoed)
0079,Fukuoka spiritual/energy/healing/hypno (already analyzed; Fukuoka worklog 260223),https://kimotostudio12.netlify.app/0079,DO_NOT_RETARGET (spiritual-first = Exclude per Yu decision 1; already demoed)
0080,Fukuoka spiritual/energy/healing/hypno (already analyzed; Fukuoka worklog 260223),https://kimotostudio12.netlify.app/0080,DO_NOT_RETARGET (spiritual-first = Exclude per Yu decision 1; already demoed)
0081,Fukuoka spiritual/energy/healing/hypno (already analyzed; Fukuoka worklog 260223),https://kimotostudio12.netlify.app/0081,DO_NOT_RETARGET (spiritual-first = Exclude per Yu decision 1; already demoed)
0082,Fukuoka spiritual/energy/healing/hypno (already analyzed; Fukuoka worklog 260223),https://kimotostudio12.netlify.app/0082,DO_NOT_RETARGET (spiritual-first = Exclude per Yu decision 1; already demoed)
0083,Fukuoka spiritual/energy/healing/hypno (already analyzed; Fukuoka worklog 260223),https://kimotostudio12.netlify.app/0083,DO_NOT_RETARGET (spiritual-first = Exclude per Yu decision 1; already demoed)
0084,Fukuoka spiritual/energy/healing/hypno (already analyzed; Fukuoka worklog 260223),https://kimotostudio12.netlify.app/0084,DO_NOT_RETARGET (spiritual-first = Exclude per Yu decision 1; already demoed)
0085,Fukuoka spiritual/energy/healing/hypno (already analyzed; Fukuoka worklog 260223),https://kimotostudio12.netlify.app/0085,DO_NOT_RETARGET (spiritual-first = Exclude per Yu decision 1; already demoed)
0086,Fukuoka spiritual/energy/healing/hypno (already analyzed; Fukuoka worklog 260223),https://kimotostudio12.netlify.app/0086,DO_NOT_RETARGET (spiritual-first = Exclude per Yu decision 1; already demoed)
0087,Fukuoka spiritual/energy/healing/hypno (already analyzed; Fukuoka worklog 260223),https://kimotostudio12.netlify.app/0087,DO_NOT_RETARGET (spiritual-first = Exclude per Yu decision 1; already demoed)
0088,Fukuoka spiritual/energy/healing/hypno (already analyzed; Fukuoka worklog 260223),https://kimotostudio12.netlify.app/0088,DO_NOT_RETARGET (spiritual-first = Exclude per Yu decision 1; already demoed)
0100,Hokkaido spiritual/energy/healing/hypno,https://kimotostudio12.netlify.app/0100,DO_NOT_RETARGET (spiritual-first = Exclude per Yu decision 1; already demoed)
0101,Hokkaido spiritual/energy/healing/hypno,https://kimotostudio12.netlify.app/0101,DO_NOT_RETARGET (spiritual-first = Exclude per Yu decision 1; already demoed)
0102,Hokkaido spiritual/energy/healing/hypno,https://kimotostudio12.netlify.app/0102,DO_NOT_RETARGET (spiritual-first = Exclude per Yu decision 1; already demoed)
0103,Hokkaido spiritual/energy/healing/hypno,https://kimotostudio12.netlify.app/0103,DO_NOT_RETARGET (spiritual-first = Exclude per Yu decision 1; already demoed)
0104,Hokkaido spiritual/energy/healing/hypno,https://kimotostudio12.netlify.app/0104,DO_NOT_RETARGET (spiritual-first = Exclude per Yu decision 1; already demoed)
0105,Hokkaido spiritual/energy/healing/hypno,https://kimotostudio12.netlify.app/0105,DO_NOT_RETARGET (spiritual-first = Exclude per Yu decision 1; already demoed)
0106,Hokkaido spiritual/energy/healing/hypno,https://kimotostudio12.netlify.app/0106,DO_NOT_RETARGET (spiritual-first = Exclude per Yu decision 1; already demoed)
0107,Hokkaido spiritual/energy/healing/hypno,https://kimotostudio12.netlify.app/0107,DO_NOT_RETARGET (spiritual-first = Exclude per Yu decision 1; already demoed)
0108,Hokkaido spiritual/energy/healing/hypno,https://kimotostudio12.netlify.app/0108,DO_NOT_RETARGET (spiritual-first = Exclude per Yu decision 1; already demoed)
0109,Hokkaido spiritual/energy/healing/hypno,https://kimotostudio12.netlify.app/0109,DO_NOT_RETARGET (spiritual-first = Exclude per Yu decision 1; already demoed)
0110,Hokkaido spiritual/energy/healing/hypno,https://kimotostudio12.netlify.app/0110,DO_NOT_RETARGET (spiritual-first = Exclude per Yu decision 1; already demoed)
0111,Hokkaido spiritual/energy/healing/hypno,https://kimotostudio12.netlify.app/0111,DO_NOT_RETARGET (spiritual-first = Exclude per Yu decision 1; already demoed)
0112,Hokkaido spiritual/energy/healing/hypno,https://kimotostudio12.netlify.app/0112,DO_NOT_RETARGET (spiritual-first = Exclude per Yu decision 1; already demoed)
0113,Hokkaido spiritual/energy/healing/hypno,https://kimotostudio12.netlify.app/0113,DO_NOT_RETARGET (spiritual-first = Exclude per Yu decision 1; already demoed)
0114,Hokkaido spiritual/energy/healing/hypno,https://kimotostudio12.netlify.app/0114,DO_NOT_RETARGET (spiritual-first = Exclude per Yu decision 1; already demoed)
0115,Hokkaido spiritual/energy/healing/hypno,https://kimotostudio12.netlify.app/0115,DO_NOT_RETARGET (spiritual-first = Exclude per Yu decision 1; already demoed)
0116,Hokkaido spiritual/energy/healing/hypno,https://kimotostudio12.netlify.app/0116,DO_NOT_RETARGET (spiritual-first = Exclude per Yu decision 1; already demoed)
0117,Hokkaido spiritual/energy/healing/hypno,https://kimotostudio12.netlify.app/0117,DO_NOT_RETARGET (spiritual-first = Exclude per Yu decision 1; already demoed)
0118,Hokkaido spiritual/energy/healing/hypno,https://kimotostudio12.netlify.app/0118,DO_NOT_RETARGET (spiritual-first = Exclude per Yu decision 1; already demoed)
0119,Hokkaido spiritual/energy/healing/hypno,https://kimotostudio12.netlify.app/0119,DO_NOT_RETARGET (spiritual-first = Exclude per Yu decision 1; already demoed)
0120,Hokkaido spiritual/energy/healing/hypno,https://kimotostudio12.netlify.app/0120,DO_NOT_RETARGET (spiritual-first = Exclude per Yu decision 1; already demoed)
0121,Hokkaido spiritual/energy/healing/hypno,https://kimotostudio12.netlify.app/0121,DO_NOT_RETARGET (spiritual-first = Exclude per Yu decision 1; already demoed)
0122,Hokkaido spiritual/energy/healing/hypno,https://kimotostudio12.netlify.app/0122,DO_NOT_RETARGET (spiritual-first = Exclude per Yu decision 1; already demoed)
0123,Hokkaido spiritual/energy/healing/hypno,https://kimotostudio12.netlify.app/0123,DO_NOT_RETARGET (spiritual-first = Exclude per Yu decision 1; already demoed)
0124,Hokkaido spiritual/energy/healing/hypno,https://kimotostudio12.netlify.app/0124,DO_NOT_RETARGET (spiritual-first = Exclude per Yu decision 1; already demoed)
0125,Hokkaido spiritual/energy/healing/hypno,https://kimotostudio12.netlify.app/0125,DO_NOT_RETARGET (spiritual-first = Exclude per Yu decision 1; already demoed)
0126,Hokkaido spiritual/energy/healing/hypno,https://kimotostudio12.netlify.app/0126,DO_NOT_RETARGET (spiritual-first = Exclude per Yu decision 1; already demoed)
0127,Hokkaido spiritual/energy/healing/hypno,https://kimotostudio12.netlify.app/0127,DO_NOT_RETARGET (spiritual-first = Exclude per Yu decision 1; already demoed)
0128,Hokkaido spiritual/energy/healing/hypno,https://kimotostudio12.netlify.app/0128,DO_NOT_RETARGET (spiritual-first = Exclude per Yu decision 1; already demoed)
0129,Hokkaido spiritual/energy/healing/hypno,https://kimotostudio12.netlify.app/0129,DO_NOT_RETARGET (spiritual-first = Exclude per Yu decision 1; already demoed)
0130,Hokkaido spiritual/energy/healing/hypno,https://kimotostudio12.netlify.app/0130,DO_NOT_RETARGET (spiritual-first = Exclude per Yu decision 1; already demoed)
0131,Hokkaido spiritual/energy/healing/hypno,https://kimotostudio12.netlify.app/0131,DO_NOT_RETARGET (spiritual-first = Exclude per Yu decision 1; already demoed)
0132,Hokkaido spiritual/energy/healing/hypno,https://kimotostudio12.netlify.app/0132,DO_NOT_RETARGET (spiritual-first = Exclude per Yu decision 1; already demoed)
0133,Hokkaido spiritual/energy/healing/hypno,https://kimotostudio12.netlify.app/0133,DO_NOT_RETARGET (spiritual-first = Exclude per Yu decision 1; already demoed)
0134,Hokkaido spiritual/energy/healing/hypno,https://kimotostudio12.netlify.app/0134,DO_NOT_RETARGET (spiritual-first = Exclude per Yu decision 1; already demoed)
0135,Hokkaido spiritual/energy/healing/hypno,https://kimotostudio12.netlify.app/0135,DO_NOT_RETARGET (spiritual-first = Exclude per Yu decision 1; already demoed)
0136,Hokkaido spiritual/energy/healing/hypno,https://kimotostudio12.netlify.app/0136,DO_NOT_RETARGET (spiritual-first = Exclude per Yu decision 1; already demoed)
0137,Hokkaido spiritual/energy/healing/hypno,https://kimotostudio12.netlify.app/0137,DO_NOT_RETARGET (spiritual-first = Exclude per Yu decision 1; already demoed)
0138,Hokkaido spiritual/energy/healing/hypno,https://kimotostudio12.netlify.app/0138,DO_NOT_RETARGET (spiritual-first = Exclude per Yu decision 1; already demoed)
0139,Hokkaido spiritual/energy/healing/hypno,https://kimotostudio12.netlify.app/0139,DO_NOT_RETARGET (spiritual-first = Exclude per Yu decision 1; already demoed)
0140,Hokkaido spiritual/energy/healing/hypno,https://kimotostudio12.netlify.app/0140,DO_NOT_RETARGET (spiritual-first = Exclude per Yu decision 1; already demoed)
0141,Hokkaido spiritual/energy/healing/hypno,https://kimotostudio12.netlify.app/0141,DO_NOT_RETARGET (spiritual-first = Exclude per Yu decision 1; already demoed)
0142,Hokkaido spiritual/energy/healing/hypno,https://kimotostudio12.netlify.app/0142,DO_NOT_RETARGET (spiritual-first = Exclude per Yu decision 1; already demoed)
0143,Hokkaido spiritual/energy/healing/hypno,https://kimotostudio12.netlify.app/0143,DO_NOT_RETARGET (spiritual-first = Exclude per Yu decision 1; already demoed)
0144,Hokkaido spiritual/energy/healing/hypno,https://kimotostudio12.netlify.app/0144,DO_NOT_RETARGET (spiritual-first = Exclude per Yu decision 1; already demoed)
0145,Hokkaido spiritual/energy/healing/hypno,https://kimotostudio12.netlify.app/0145,DO_NOT_RETARGET (spiritual-first = Exclude per Yu decision 1; already demoed)
0146,Hokkaido spiritual/energy/healing/hypno,https://kimotostudio12.netlify.app/0146,DO_NOT_RETARGET (spiritual-first = Exclude per Yu decision 1; already demoed)
0147,Hokkaido spiritual/energy/healing/hypno,https://kimotostudio12.netlify.app/0147,DO_NOT_RETARGET (spiritual-first = Exclude per Yu decision 1; already demoed)
0148,Hokkaido spiritual/energy/healing/hypno,https://kimotostudio12.netlify.app/0148,DO_NOT_RETARGET (spiritual-first = Exclude per Yu decision 1; already demoed)
0149,Hokkaido spiritual/energy/healing/hypno,https://kimotostudio12.netlify.app/0149,DO_NOT_RETARGET (spiritual-first = Exclude per Yu decision 1; already demoed)
0150,Hokkaido spiritual/energy/healing/hypno,https://kimotostudio12.netlify.app/0150,DO_NOT_RETARGET (spiritual-first = Exclude per Yu decision 1; already demoed)
